year	id	month	day
557	2	1	2
557	3	12	21
557	6	1	14
558	6	1	4
557	7	1	17
558	7	1	6
557	8	1	19
558	8	1	9
557	9	1	20
558	9	1	10
557	12	1	22
558	12	1	27
557	13	1	29
558	13	1	19
557	14	1	29
558	14	1	19
557	15	2	8
558	15	1	25
557	16	2	8
558	16	1	27
557	17	2	1
558	17	1	31
557	19	8	20
558	19	9	9
557	20	2	19
558	20	2	5
557	21	2	9
558	21	2	8
557	23	2	29
558	23	2	17
557	25	2	23
558	25	2	22
557	26	2	30
558	26	2	29
557	27	3	30
558	27	4	16
557	29	3	4
558	29	3	5
557	30	3	7
558	30	3	25
557	32	3	12
558	32	4	4
557	33	3	20
558	33	3	19
557	34	3	22
558	34	3	21
557	35	3	24
558	35	3	23
557	36	3	29
558	36	4	15
557	37	3	29
558	37	4	15
557	38	4	2
558	38	4	21
557	41	4	21
558	41	5	9
557	45	5	8
558	45	5	23
557	46	5	19
558	46	5	16
557	48	5	25
558	48	6	12
558	50	5	32
557	51	6	4
558	51	6	5
557	53	6	8
558	53	6	27
557	54	6	10
558	54	6	28
557	55	6	11
558	55	6	29
557	56	6	23
558	56	7	10
557	57	6	15
558	57	7	1
557	58	6	15
558	58	7	2
557	59	6	21
558	59	7	8
557	60	6	27
558	60	7	14
557	61	6	29
558	61	7	15
558	62	7	15
557	63	7	1
558	63	7	19
557	65	7	28
558	65	7	23
557	66	7	12
558	66	8	4
557	67	7	30
558	67	8	18
557	68	7	30
558	68	8	18
557	69	7	23
558	69	8	11
557	70	8	7
558	70	8	26
557	71	8	10
558	71	8	29
557	74	8	19
558	74	8	16
557	76	8	17
558	76	9	5
557	77	8	4
558	77	8	23
557	78	8	4
558	78	8	5
558	83	9	1
557	87	9	8
558	87	9	27
557	88	9	9
558	88	9	28
557	89	9	10
558	89	9	29
557	90	9	28
558	90	9	29
558	92	10	3
557	99	10	13
558	99	11	2
557	100	10	23
558	100	10	22
557	103	11	2
558	103	11	7
557	105	11	22
558	105	11	27
557	106	11	10
558	106	11	29
557	107	11	10
558	107	11	29
557	108	11	29
558	108	11	30
557	109	11	19
558	109	12	7
557	110	11	19
558	110	12	8
557	111	12	10
558	111	12	9
557	112	12	10
558	112	12	9