id	cal	month	day
1	0	1	1
2	1	1	1
4	2	1	1
5	0	1	2
6	1	1	1
7	1	2	3
8	1	2	3
9	1	1	6
10	2	1	10
11	0	1	12
12	1	1	27
13	1	2	3
14	1	2	3
15	1	2	5
16	1	2	19
18	0	2	1
19	1	2	1
20	1	2	5
22	1	2	13
23	1	3	11
24	2	2	21
27	1	4	21
28	0	3	3
30	1	3	29
31	2	3	8
32	1	4	2
34	1	3	21
36	1	4	4
38	1	4	19
39	0	4	11
40	0	4	15
41	1	5	6
42	0	4	25
43	0	5	1
44	2	7	24
45	1	5	8
47	2	5	24
49	2	5	31
52	1	6	15
52	2	6	14
53	1	6	17
54	1	7	2
55	1	7	2
56	1	7	2
59	1	7	2
61	1	7	4
63	1	7	8
64	2	7	21
67	1	8	6
68	1	8	6
69	1	7	25
70	1	8	6
71	1	8	7
72	0	8	14
73	2	8	15
75	0	8	18
76	1	8	29
77	1	12	1
79	2	8	7
80	2	8	7
81	0	8	30
82	2	8	30
84	2	9	13
85	0	9	15
86	2	9	19
87	1	9	11
88	1	9	11
89	1	9	11
90	1	9	29
91	2	9	29
93	2	10	6
94	2	10	7
95	2	10	7
96	0	10	8
97	2	10	9
98	0	10	13
99	1	10	23
101	0	11	1
102	0	11	1
103	1	11	7
104	0	11	14
105	1	11	27
106	1	11	30
108	1	11	30
109	1	11	19
110	1	11	17
111	1	12	10
112	1	12	10
113	1	11	1
114	0	1	1
115	0	2	1
116	0	3	1
117	0	4	1
118	0	5	1
119	0	6	1
120	0	7	1
121	0	8	1
122	0	9	1
123	0	10	1
124	0	11	1
125	0	12	1