id	type	gurgaddiNo	isEternal	birthYear	deathYear	birthPlace	mainPlace	priority	displayEmoji	wikiSlug	imgPath	nameGurmukhi	nameRoman	nameHindi	shortBio
GURU_NANAK_DEV	GURU	1	0	1469	1539	Talwandi	Kartarpur	100	🙏	Guru_Nanak	gurus/guru_nanak_dev_v2.webp	ਗੁਰੂ ਨਾਨਕ ਦੇਵ ਜੀ	Guru Nanak Dev Ji	गुरु नानक देव जी	Founder of Sikhism and the first of the ten Sikh Gurus (1469-1539).
GURU_ANGAD_DEV	GURU	2	0	1504	1552	Muktsar	Khadur Sahib	90		Guru_Angad	gurus/guru_angad_dev_v2.webp	ਗੁਰੂ ਅੰਗਦ ਦੇਵ ਜੀ	Guru Angad Dev Ji	गुरु अंगद देव जी	The second Sikh Guru (1504-1552) who formalized the Gurmukhi script.
GURU_AMAR_DAS	GURU	3	0	1479	1574	Basarke	Goindwal Sahib	90		Guru_Amar_Das	gurus/guru_amar_das_v2.webp	ਗੁਰੂ ਅਮਰ ਦਾਸ ਜੀ	Guru Amar Das Ji	गुरु अमर दास जी	The third Sikh Guru (1479-1574) who established Goindwal Sahib.
GURU_RAM_DAS	GURU	4	0	1534	1581	Lahore	Amritsar	90		Guru_Ram_Das	gurus/guru_ram_das_v2.webp	ਗੁਰੂ ਰਾਮਦਾਸ ਜੀ	Guru Ram Das Ji	गुरु रामदास जी	The fourth Sikh Guru (1534-1581) who founded Amritsar.
GURU_ARJAN_DEV	GURU	5	0	1563	1606	Goindwal Sahib	Amritsar	95		Guru_Arjan	gurus/guru_arjan_dev_v2.webp	ਗੁਰੂ ਅਰਜਨ ਦੇਵ ਜੀ	Guru Arjan Dev Ji	गुरु अर्जन देव जी	The fifth Sikh Guru (1563-1606) who compiled the Adi Granth.
GURU_HARGOBIND	GURU	6	0	1595	1644	Wadali	Amritsar	90		Guru_Har_Gobind	gurus/guru_hargobind_v2.webp	ਗੁਰੂ ਹਰਿਗੋਬਿੰਦ ਜੀ	Guru Hargobind Ji	गुरु हरिगोबिंद जी	The sixth Sikh Guru (1595-1644) who introduced Miri-Piri.
GURU_HAR_RAI	GURU	7	0	1630	1661	Kiratpur Sahib	Kiratpur Sahib	90		Guru_Har_Rai	gurus/guru_har_rai_v2.webp	ਗੁਰੂ ਹਰਿ ਰਾਇ ਜੀ	Guru Har Rai Ji	गुरु हरि राय जी	The seventh Sikh Guru (1630-1661) known for his compassion.
GURU_HAR_KRISHAN	GURU	8	0	1656	1664	Kiratpur Sahib	Delhi	90		Guru_Har_Krishan	gurus/guru_har_krishan_v2.webp	ਗੁਰੂ ਹਰਿ ਕ੍ਰਿਸ਼ਨ ਜੀ	Guru Har Krishan Ji	गुरु हरि कृष्ण जी	The eighth Sikh Guru (1656-1664) who served during a smallpox epidemic.
GURU_TEGH_BAHADUR	GURU	9	0	1621	1675	Amritsar	Anandpur Sahib	95		Guru_Tegh_Bahadur	gurus/guru_tegh_bahadur_v2.webp	ਗੁਰੂ ਤੇਗ ਬਹਾਦਰ ਜੀ	Guru Tegh Bahadur Ji	गुरु तेज बहादुर जी	The ninth Sikh Guru (1621-1675) who stood for religious freedom.
GURU_GOBIND_SINGH	GURU	10	0	1666	1708	Patna Sahib	Anandpur Sahib	100		Guru_Gobind_Singh	gurus/guru_gobind_singh_v2.webp	ਗੁਰੂ ਗੋਬਿੰਦ ਸਿੰਘ ਜੀ	Guru Gobind Singh Ji	गुरु गोबिंद सिंह जी	The tenth Sikh Guru (1666-1708) who established the Khalsa.
GURU_GRANTH_SAHIB	GURU		1	1604		Amritsar	Amritsar	100	🙏	Guru_Granth_Sahib	gurus/guru_granth_sahib_v2.webp	ਸ੍ਰੀ ਗੁਰੂ ਗ੍ਰੰਥ ਸਾਹਿਬ ਜੀ	Guru Granth Sahib Ji	श्री गुरु ग्रंथ साहिब जी	The eternal 11th Guru of Sikhism.
BHAI_DAYA_SINGH	PANJ_PYARE		0	1661	1708	Lahore	Nanded	85	⚔️	Bhai_Daya_Singh	panj_pyare/panj_pyare_collective_v2.webp	ਭਾਈ ਦਇਆ ਸਿੰਘ ਜੀ	Bhai Daya Singh Ji	भाई दया सिंह जी	The first of the Panj Pyare, originally from Lahore.
BHAI_DHARAM_SINGH	PANJ_PYARE		0	1666	1708	Hastinapur	Nanded	84	⚔️	Bhai_Dharam_Singh	panj_pyare/panj_pyare_collective_v2.webp	ਭਾਈ ਧਰਮ ਸਿੰਘ ਜੀ	Bhai Dharam Singh Ji	भाई धर्म सिंह जी	The second of the Panj Pyare, originally from Hastinapur.
BHAI_HIMMAT_SINGH	PANJ_PYARE		0	1661	1705	Jagannath Puri	Chamkaur Sahib	83	⚔️	Bhai_Himmat_Singh	panj_pyare/panj_pyare_collective_v2.webp	ਭਾਈ ਹਿੰਮਤ ਸਿੰਘ ਜੀ	Bhai Himmat Singh Ji	भाई हिम्मत सिंह जी	The third of the Panj Pyare, originally from Jagannath Puri.
BHAI_MOHKAM_SINGH	PANJ_PYARE		0	1663	1705	Dwarka	Chamkaur Sahib	82	⚔️	Bhai_Mohkam_Singh	panj_pyare/panj_pyare_collective_v2.webp	ਭਾਈ ਮੋਹਕਮ ਸਿੰਘ ਜੀ	Bhai Mohkam Singh Ji	भाई मोहकम सिंह जी	The fourth of the Panj Pyare, originally from Dwarka.
BHAI_SAHIB_SINGH	PANJ_PYARE		0	1662	1705	Bidar	Chamkaur Sahib	81	⚔️	Bhai_Sahib_Singh	panj_pyare/panj_pyare_collective_v2.webp	ਭਾਈ ਸਾਹਿਬ ਸਿੰਘ ਜੀ	Bhai Sahib Singh Ji	भाई साहिब सिंह जी	The fifth of the Panj Pyare, originally from Bidar.
SAHIBZADA_AJIT_SINGH	SAHIBZADA		0	1687	1705	Paonta Sahib	Chamkaur Sahib	90	⚔️	Sahibzada_Ajit_Singh	sahibzadas/sahibzada_ajit_singh_v2.webp	ਸਾਹਿਬਜ਼ਾਦਾ ਅਜੀਤ ਸਿੰਘ ਜੀ	Sahibzada Ajit Singh Ji	साहिबजादा अजीत सिंह जी	Eldest son of Guru Gobind Singh Ji, martyred at Chamkaur.
SAHIBZADA_JUJHHAR_SINGH	SAHIBZADA		0	1691	1705	Anandpur Sahib	Chamkaur Sahib	90	⚔️	Sahibzada_Jujhar_Singh	sahibzadas/sahibzada_jujhhar_singh_v2.webp	ਸਾਹਿਬਜ਼ਾਦਾ ਜੁਝਾਰ ਸਿੰਘ ਜੀ	Sahibzada Jujhhar Singh Ji	साहिबजादा जुझार सिंह जी	Second son of Guru Gobind Singh Ji, martyred at Chamkaur.
SAHIBZADA_ZORAWAR_SINGH	SAHIBZADA		0	1696	1705	Anandpur Sahib	Sirhind	90	🙏	Sahibzada_Zorawar_Singh	sahibzadas/sahibzada_zorawar_singh_v2.webp	ਸਾਹਿਬਜ਼ਾਦਾ ਜ਼ੋਰਾਵਰ ਸਿੰਘ ਜੀ	Sahibzada Zorawar Singh Ji	साहिबजादा जोरावर सिंह जी	Third son of Guru Gobind Singh Ji, martyred at Sirhind.
SAHIBZADA_FATEH_SINGH	SAHIBZADA		0	1699	1705	Anandpur Sahib	Sirhind	90	🙏	Sahibzada_Fateh_Singh	sahibzadas/sahibzada_fateh_singh_v2.webp	ਸਾਹਿਬਜ਼ਾਦਾ ਫ਼ਤਿਹ ਸਿੰਘ ਜੀ	Sahibzada Fateh Singh Ji	साहिबजादा फतेह सिंह जी	Youngest son of Guru Gobind Singh Ji, martyred at Sirhind.
BHAI_BHAG_SINGH_MUKTE	CHAALI_MUKTE		0		1705		Muktsar	50		Chali_Mukte	others/mai_bhago_and_mukte_v2.webp	ਭਾਈ ਭਾਗ ਸਿੰਘ	Bhai Bhag Singh	भाई भाग सिंह	One of the Chaali Mukte (40 Liberated Ones), martyred at the Battle of Muktsar.
BHAI_DILBAG_SINGH_MUKTE	CHAALI_MUKTE		0		1705		Muktsar	50		Chali_Mukte	others/mai_bhago_and_mukte_v2.webp	ਭਾਈ ਦਿਲਬਾਗ ਸਿੰਘ	Bhai Dilbag Singh	भाई दिलबाग सिंह	One of the Chaali Mukte (40 Liberated Ones), martyred at the Battle of Muktsar.
BHAI_MANN_SINGH_MUKTE	CHAALI_MUKTE		0		1705		Muktsar	50		Chali_Mukte	others/mai_bhago_and_mukte_v2.webp	ਭਾਈ ਮਨ ਸਿੰਘ	Bhai Mann Singh	भाई मन सिंह	One of the Chaali Mukte (40 Liberated Ones), martyred at the Battle of Muktsar.
BHAI_NIDHAN_SINGH_MUKTE	CHAALI_MUKTE		0		1705		Muktsar	50		Chali_Mukte	others/mai_bhago_and_mukte_v2.webp	ਭਾਈ ਨਿਧਾਨ ਸਿੰਘ	Bhai Nidhan Singh	भाई निधान सिंह	One of the Chaali Mukte (40 Liberated Ones), martyred at the Battle of Muktsar.
BHAI_KHARBARA_SINGH_MUKTE	CHAALI_MUKTE		0		1705		Muktsar	50		Chali_Mukte	others/mai_bhago_and_mukte_v2.webp	ਭਾਈ ਖੜਬਰਾ ਸਿੰਘ	Bhai Kharbara Singh	भाई खड़बरा सिंह	One of the Chaali Mukte (40 Liberated Ones), martyred at the Battle of Muktsar.
BHAI_DARBARA_SINGH_MUKTE	CHAALI_MUKTE		0		1705		Muktsar	50		Chali_Mukte	others/mai_bhago_and_mukte_v2.webp	ਭਾਈ ਦਰਬਾਰਾ ਸਿੰਘ	Bhai Darbara Singh	भाई दरबारा सिंह	One of the Chaali Mukte (40 Liberated Ones), martyred at the Battle of Muktsar.
BHAI_DYAL_SINGH_MUKTE	CHAALI_MUKTE		0		1705		Muktsar	50		Chali_Mukte	others/mai_bhago_and_mukte_v2.webp	ਭਾਈ ਦਿਆਲ ਸਿੰਘ	Bhai Dyal Singh	भाई दयाल सिंह	One of the Chaali Mukte (40 Liberated Ones), martyred at the Battle of Muktsar.
BHAI_NIHAL_SINGH_MUKTE	CHAALI_MUKTE		0		1705		Muktsar	50		Chali_Mukte	others/mai_bhago_and_mukte_v2.webp	ਭਾਈ ਨਿਹਾਲ ਸਿੰਘ	Bhai Nihal Singh	भाई निहाल सिंह	One of the Chaali Mukte (40 Liberated Ones), martyred at the Battle of Muktsar.
BHAI_KHUSHAL_SINGH_MUKTE	CHAALI_MUKTE		0		1705		Muktsar	50		Bhai_Khushal_Singh	others/mai_bhago_and_mukte_v2.webp	ਭਾਈ ਖੁਸ਼ਾਲ ਸਿੰਘ	Bhai Khushal Singh	भाई खुशाल सिंह	One of the Chaali Mukte (40 Liberated Ones), martyred at the Battle of Muktsar.
BHAI_GANDA_SINGH_MUKTE	CHAALI_MUKTE		0		1705		Muktsar	50		Chali_Mukte	others/mai_bhago_and_mukte_v2.webp	ਭਾਈ ਗੰਡਾ ਸਿੰਘ	Bhai Ganda Singh	भाई गंडा सिंह	One of the Chaali Mukte (40 Liberated Ones), martyred at the Battle of Muktsar.
BHAI_ISHMER_SINGH_MUKTE	CHAALI_MUKTE		0		1705		Muktsar	50		Chali_Mukte	others/mai_bhago_and_mukte_v2.webp	ਭਾਈ ਇਸ਼ਮੇਰ ਸਿੰਘ	Bhai Ishmer Singh	भाई इशमेर सिंह	One of the Chaali Mukte (40 Liberated Ones), martyred at the Battle of Muktsar.
BHAI_SINGHA_MUKTE	CHAALI_MUKTE		0		1705		Muktsar	50		Bhai_Singha_Purohit	others/mai_bhago_and_mukte_v2.webp	ਭਾਈ ਸਿੰਘਾ	Bhai Singha	भाई सिंघा	One of the Chaali Mukte (40 Liberated Ones), martyred at the Battle of Muktsar.
BHAI_BHALLA_SINGH_MUKTE	CHAALI_MUKTE		0		1705		Muktsar	50		Chali_Mukte	others/mai_bhago_and_mukte_v2.webp	ਭਾਈ ਭੱਲਾ ਸਿੰਘ	Bhai Bhalla Singh	भाई भल्ला सिंह	One of the Chaali Mukte (40 Liberated Ones), martyred at the Battle of Muktsar.
BHAI_SUHEL_SINGH_MUKTE	CHAALI_MUKTE		0		1705		Muktsar	50		Chali_Mukte	others/mai_bhago_and_mukte_v2.webp	ਭਾਈ ਸੁਹੇਲ ਸਿੰਘ	Bhai Suhel Singh	भाई सुहेल सिंह	One of the Chaali Mukte (40 Liberated Ones), martyred at the Battle of Muktsar.
BHAI_CHAMBA_SINGH_MUKTE	CHAALI_MUKTE		0		1705		Muktsar	50		Chali_Mukte	others/mai_bhago_and_mukte_v2.webp	ਭਾਈ ਚੰਬਾ ਸਿੰਘ	Bhai Chamba Singh	भाई चंबा सिंह	One of the Chaali Mukte (40 Liberated Ones), martyred at the Battle of Muktsar.
BHAI_GANGA_SINGH_MUKTE	CHAALI_MUKTE		0		1705		Muktsar	50		Bhai_Ganga_Singh	others/mai_bhago_and_mukte_v2.webp	ਭਾਈ ਗੰਗਾ ਸਿੰਘ	Bhai Ganga Singh	भाई गंगा सिंह	One of the Chaali Mukte (40 Liberated Ones), martyred at the Battle of Muktsar.
BHAI_SUMER_SINGH_MUKTE	CHAALI_MUKTE		0		1705		Muktsar	50		Chali_Mukte	others/mai_bhago_and_mukte_v2.webp	ਭਾਈ ਸੁਮੇਰ ਸਿੰਘ	Bhai Sumer Singh	भाई सुमेर सिंह	One of the Chaali Mukte (40 Liberated Ones), martyred at the Battle of Muktsar.
BHAI_SULTAN_SINGH_MUKTE	CHAALI_MUKTE		0		1705		Muktsar	50		Chali_Mukte	others/mai_bhago_and_mukte_v2.webp	ਭਾਈ ਸੁਲਤਾਨ ਸਿੰਘ	Bhai Sultan Singh	भाई सुल्तान सिंह	One of the Chaali Mukte (40 Liberated Ones), martyred at the Battle of Muktsar.
BHAI_MAYA_SINGH_MUKTE	CHAALI_MUKTE		0		1705		Muktsar	50		Chali_Mukte	others/mai_bhago_and_mukte_v2.webp	ਭਾਈ ਮਾਇਆ ਸਿੰਘ	Bhai Maya Singh	भाई माया सिंह	One of the Chaali Mukte (40 Liberated Ones), martyred at the Battle of Muktsar.
BHAI_MASSA_SINGH_MUKTE	CHAALI_MUKTE		0		1705		Muktsar	50		Chali_Mukte	others/mai_bhago_and_mukte_v2.webp	ਭਾਈ ਮੱਸਾ ਸਿੰਘ	Bhai Massa Singh	भाई मस्सा सिंह	One of the Chaali Mukte (40 Liberated Ones), martyred at the Battle of Muktsar.
BHAI_SARJA_SINGH_MUKTE	CHAALI_MUKTE		0		1705		Muktsar	50		Chali_Mukte	others/mai_bhago_and_mukte_v2.webp	ਭਾਈ ਸਰਜਾ ਸਿੰਘ	Bhai Sarja Singh	भाई सरजा सिंह	One of the Chaali Mukte (40 Liberated Ones), martyred at the Battle of Muktsar.
BHAI_SADHU_SINGH_MUKTE	CHAALI_MUKTE		0		1705		Muktsar	50		Chali_Mukte	others/mai_bhago_and_mukte_v2.webp	ਭਾਈ ਸਾਧੂ ਸਿੰਘ	Bhai Sadhu Singh	भाई साधू सिंह	One of the Chaali Mukte (40 Liberated Ones), martyred at the Battle of Muktsar.
BHAI_GULAB_SINGH_MUKTE	CHAALI_MUKTE		0		1705		Muktsar	50		Chali_Mukte	others/mai_bhago_and_mukte_v2.webp	ਭਾਈ ਗੁਲਾਬ ਸਿੰਘ	Bhai Gulab Singh	भाई गुलाब सिंह	One of the Chaali Mukte (40 Liberated Ones), martyred at the Battle of Muktsar.
BHAI_HARSA_SINGH_MUKTE	CHAALI_MUKTE		0		1705		Muktsar	50		Chali_Mukte	others/mai_bhago_and_mukte_v2.webp	ਭਾਈ ਹਰਸਾ ਸਿੰਘ	Bhai Harsa Singh	भाई हरसा सिंह	One of the Chaali Mukte (40 Liberated Ones), martyred at the Battle of Muktsar.
BHAI_SANGAT_SINGH_MUKTE	CHAALI_MUKTE		0		1705		Muktsar	50		Bhai_Sangat_Singh	others/mai_bhago_and_mukte_v2.webp	ਭਾਈ ਸੰਗਤ ਸਿੰਘ	Bhai Sangat Singh	भाई संगत सिंह	One of the Chaali Mukte (40 Liberated Ones), martyred at the Battle of Muktsar.
BHAI_HARI_SINGH_MUKTE	CHAALI_MUKTE		0		1705		Muktsar	50		Bhai_Hari_Singh	others/mai_bhago_and_mukte_v2.webp	ਭਾਈ ਹਰੀ ਸਿੰਘ	Bhai Hari Singh	भाई हरि सिंह	One of the Chaali Mukte (40 Liberated Ones), martyred at the Battle of Muktsar.
BHAI_DHANA_SINGH_MUKTE	CHAALI_MUKTE		0		1705		Muktsar	50		Chali_Mukte	others/mai_bhago_and_mukte_v2.webp	ਭਾਈ ਧਨਾ ਸਿੰਘ	Bhai Dhana Singh	भाई धना सिंह	One of the Chaali Mukte (40 Liberated Ones), martyred at the Battle of Muktsar.
BHAI_KARAM_SINGH_MUKTE_1	CHAALI_MUKTE		0		1705		Muktsar	50		Chali_Mukte	others/mai_bhago_and_mukte_v2.webp	ਭਾਈ ਕਰਮ ਸਿੰਘ	Bhai Karam Singh	भाई करम सिंह	One of the Chaali Mukte (40 Liberated Ones), martyred at the Battle of Muktsar.
BHAI_KIRT_SINGH_MUKTE	CHAALI_MUKTE		0		1705		Muktsar	50		Chali_Mukte	others/mai_bhago_and_mukte_v2.webp	ਭਾਈ ਕੀਰਤ ਸਿੰਘ	Bhai Kirt Singh	भाई कीरत सिंह	One of the Chaali Mukte (40 Liberated Ones), martyred at the Battle of Muktsar.
BHAI_LACHMAN_SINGH_MUKTE	CHAALI_MUKTE		0		1705		Muktsar	50		Chali_Mukte	others/mai_bhago_and_mukte_v2.webp	ਭਾਈ ਲਛਮਨ ਸਿੰਘ	Bhai Lachman Singh	भाई लछमन सिंह	One of the Chaali Mukte (40 Liberated Ones), martyred at the Battle of Muktsar.
BHAI_BUDDHA_SINGH_MUKTE	CHAALI_MUKTE		0		1705		Muktsar	50		Bhai_Buddha_Singh	others/mai_bhago_and_mukte_v2.webp	ਭਾਈ ਬੁੱਢਾ ਸਿੰਘ	Bhai Buddha Singh	भाई बुड्ढा सिंह	One of the Chaali Mukte (40 Liberated Ones), martyred at the Battle of Muktsar.
BHAI_KESHO_SINGH_MUKTE	CHAALI_MUKTE		0		1705		Muktsar	50		Chali_Mukte	others/mai_bhago_and_mukte_v2.webp	ਭਾਈ ਕੇਸ਼ੋ ਸਿੰਘ	Bhai Kesho Singh	भाई केशो सिंह	One of the Chaali Mukte (40 Liberated Ones), martyred at the Battle of Muktsar.
BHAI_JADO_SINGH_MUKTE	CHAALI_MUKTE		0		1705		Muktsar	50		Chali_Mukte	others/mai_bhago_and_mukte_v2.webp	ਭਾਈ ਜਾਦੋ ਸਿੰਘ	Bhai Jado Singh	भाई जादो सिंह	One of the Chaali Mukte (40 Liberated Ones), martyred at the Battle of Muktsar.
BHAI_SOBHA_SINGH_MUKTE	CHAALI_MUKTE		0		1705		Muktsar	50		Chali_Mukte	others/mai_bhago_and_mukte_v2.webp	ਭਾਈ ਸੋਭਾ ਸਿੰਘ	Bhai Sobha Singh	भाई सोभा सिंह	One of the Chaali Mukte (40 Liberated Ones), martyred at the Battle of Muktsar.
BHAI_BHANGA_SINGH_MUKTE	CHAALI_MUKTE		0		1705		Muktsar	50		Chali_Mukte	others/mai_bhago_and_mukte_v2.webp	ਭਾਈ ਭੰਗਾ ਸਿੰਘ	Bhai Bhanga Singh	भाई भंगा सिंह	One of the Chaali Mukte (40 Liberated Ones), martyred at the Battle of Muktsar.
BHAI_JOGA_SINGH_MUKTE	CHAALI_MUKTE		0		1705		Muktsar	50		Bhai_Joga_Singh	others/mai_bhago_and_mukte_v2.webp	ਭਾਈ ਜੋਗਾ ਸਿੰਘ	Bhai Joga Singh	भाई जोगा सिंह	One of the Chaali Mukte (40 Liberated Ones), martyred at the Battle of Muktsar.
BHAI_DHARAM_SINGH_MUKTE	CHAALI_MUKTE		0		1705		Muktsar	50		Bhai_Dharam_Singh	others/mai_bhago_and_mukte_v2.webp	ਭਾਈ ਧਰਮ ਸਿੰਘ	Bhai Dharam Singh	भाई धर्म सिंह	One of the Chaali Mukte (40 Liberated Ones), martyred at the Battle of Muktsar.
BHAI_KARAM_SINGH_MUKTE_2	CHAALI_MUKTE		0		1705		Muktsar	50		Chali_Mukte	others/mai_bhago_and_mukte_v2.webp	ਭਾਈ ਕਰਮ ਸਿੰਘ	Bhai Karam Singh	भाई करम सिंह	One of the Chaali Mukte (40 Liberated Ones), martyred at the Battle of Muktsar.
BHAI_KALA_SINGH_MUKTE	CHAALI_MUKTE		0		1705		Muktsar	50		Chali_Mukte	others/mai_bhago_and_mukte_v2.webp	ਭਾਈ ਕਾਲਾ ਸਿੰਘ	Bhai Kala Singh	भाई काला सिंह	One of the Chaali Mukte (40 Liberated Ones), martyred at the Battle of Muktsar.
BHAI_MAHAN_SINGH_MUKTE	CHAALI_MUKTE		0		1705		Muktsar	55		Bhai_Mahan_Singh	others/mai_bhago_and_mukte_v2.webp	ਭਾਈ ਮਹਾਨ ਸਿੰਘ	Bhai Mahan Singh	भाई महान सिंह	Leader of the Chaali Mukte (40 Liberated Ones). He asked Guru Gobind Singh Ji to tear the disclaimer letter before passing away.
MATA_GUJRI	HATHI_JAPPI_TAPPI		0	1624	1705	Kartarpur	Sirhind	85	🙏	Mata_Gujri	family/mata_gujri_v2.webp	ਮਾਤਾ ਗੁਜਰੀ ਜੀ	Mata Gujri Ji	माता गुजरी जी	Mother of Guru Gobind Singh Ji, martyred at Sirhind.
MAI_BHAGO	WARRIOR_MARTYR		0				Muktsar	85	⚔️	Mai_Bhago	others/mai_bhago_and_mukte_v2.webp	ਮਾਈ ਭਾਗੋ ਜੀ	Mai Bhago Ji	माई भागो जी	Legendary Sikh woman warrior who led the 40 Sikhs back to the battlefield of Muktsar.
BABA_DEEP_SINGH	WARRIOR_MARTYR		0	1682	1757	Pahuwind	Amritsar	95	⚔️	Baba_Deep_Singh	others/baba_deep_singh_v2.webp	ਬਾਬਾ ਦੀਪ ਸਿੰਘ ਜੀ	Baba Deep Singh Ji	बाबा दीप सिंह जी	Venerated Sikh scholar and warrior who fought for the sanctity of the Golden Temple.
BHAI_MANI_SINGH	WARRIOR_MARTYR		0	1644	1737		Amritsar	90	🙏	Bhai_Mani_Singh	others/bhai_mani_singh_v2.webp	ਭਾਈ ਮਣੀ ਸਿੰਘ ਜੀ	Bhai Mani Singh Ji	भाई मणि सिंह जी	Great scholar and martyr who served multiple Gurus and was martyred at Lahore.
BHAI_TARU_SINGH	WARRIOR_MARTYR		0	1720	1745	Poohla	Lahore	85	🙏	Bhai_Taru_Singh	others/bhai_taru_singh_martyrdom.webp	ਭਾਈ ਤਾਰੂ ਸਿੰਘ ਜੀ	Bhai Taru Singh Ji	भाई तारू सिंह जी	Sikh martyr who sacrificed his life to uphold the sanctity of his hair (Kesh).
BHAI_KANHIYA	HATHI_JAPPI_TAPPI		0	1648	1718	Sodhra		85	🙏	Bhai_Kanhaiya		ਭਾਈ ਕਨ੍ਹਈਆ ਜੀ	Bhai Kanhiya Ji	भाई कन्हैया जी	Emblem of selfless service who provided water to all wounded in the battlefield.
MAHARAJA_RANJIT_SINGH	SIKH_RULER		0	1780	1839	Gujranwala	Lahore	85		Maharaja_Ranjit_Singh	others/maharaja_ranjit_singh.webp	ਮਹਾਰਾਜਾ ਰਣਜੀਤ ਸਿੰਘ	Maharaja Ranjit Singh	महाराजा रणजीत सिंह	Founder and first Maharaja of the Sikh Empire, known as Sher-e-Punjab.
BABA_BUDHA_JI	HATHI_JAPPI_TAPPI		0	1506	1631	Kathu Nangal	Amritsar	95		Baba_Budha	others/baba_budha_ji.webp	ਬਾਬਾ ਬੁੱਢਾ ਜੀ	Baba Budha Ji	बाबा बुड्ढा जी	Venerable figure who served the first six Sikh Gurus.
BHAI_GURDAS	HATHI_JAPPI_TAPPI		0	1551	1636	Goindwal Sahib	Amritsar	90		Bhai_Gurdas	others/bhai_gurdas_v2.webp	ਭਾਈ ਗੁਰਦਾਸ ਜੀ	Bhai Gurdas Ji	भाई गुरदास जी	Great scholar and scribe of the original Adi Granth.
BHAI_MARDANA	HATHI_JAPPI_TAPPI		0	1459	1534	Talwandi		90		Bhai_Mardana		ਭਾਈ ਮਰਦਾਨਾ ਜੀ	Bhai Mardana Ji	भाई मरदाना जी	Lifelong companion of Guru Nanak Dev Ji and a master of the Rebab.
BHAI_SATTA	HATHI_JAPPI_TAPPI		0					65		Bhai_Satta		ਭਾਈ ਸੱਤਾ ਜੀ	Bhai Satta Ji	भाई सत्ता जी	Prominent musician who served in the Guru's court.
BHAI_BALVAND	HATHI_JAPPI_TAPPI		0					65		Balwand		ਭਾਈ ਬਲਵੰਡ ਜੀ	Bhai Balvand Ji	भाई बलवंड जी	Celebrated musician and contributor to the Guru Granth Sahib.
BABA_SUNDAR	HATHI_JAPPI_TAPPI		0					65		Baba_Sundar		ਬਾਬਾ ਸੁੰਦਰ ਜੀ	Baba Sundar Ji	बाबा सुंदर जी	Author of the 'Sadu' composition in the Sri Guru Granth Sahib.
BHAI_MATI_DAS	WARRIOR_MARTYR		0		1675	Karyala	Delhi	50	🙏	Bhai_Mati_Das	others/bhai_mati_das.webp	ਭਾਈ ਮਤੀ ਦਾਸ ਜੀ	Bhai Mati Das Ji	भाई मती दास जी	Devoted companion of Guru Tegh Bahadur Ji, sawn alive at Delhi.
BHAI_SATI_DAS	WARRIOR_MARTYR		0		1675	Karyala	Delhi	50	🙏	Bhai_Sati_Das		ਭਾਈ ਸਤੀ ਦਾਸ ਜੀ	Bhai Sati Das Ji	भाई सती दास जी	Devoted companion of Guru Tegh Bahadur Ji, burnt alive at Delhi.
BHAI_DAYALA	WARRIOR_MARTYR		0		1675	Alipur	Delhi	50	🙏	Bhai_Dyala	others/bhai_dayala.webp	ਭਾਈ ਦਿਆਲਾ ਜੀ	Bhai Dayala Ji	भाई दयाला जी	Devoted companion of Guru Tegh Bahadur Ji, boiled alive at Delhi.
BIBI_NANAKI	HATHI_JAPPI_TAPPI		0	1464	1518	Chahal	Sultanpur Lodhi	85		Bibi_Nanaki	family/bibi_nanaki.webp	ਬੇਬੇ ਨਾਨਕੀ ਜੀ	Bibi Nanaki Ji	बेबे नानकी जी	Elder sister of Guru Nanak Dev Ji and the first Sikh.
NAWAB_KAPUR_SINGH	SIKH_RULER		0	1697	1753	Kaloke	Amritsar	85		Nawab_Kapur_Singh		ਨਵਾਬ ਕਪੂਰ ਸਿੰਘ ਜੀ	Nawab Kapur Singh Ji	नवाब कपूर सिंह जी	Great Sikh general and founder of the Dal Khalsa.
BABA_BANDA_SINGH_BAHADUR	SIKH_RULER		0	1670	1716	Rajouri	Lohgarh	75		Banda_Singh_Bahadur	others/baba_banda_singh_bahadur.webp	ਬਾਬਾ ਬੰਦਾ ਸਿੰਘ ਬਹਾਦਰ ਜੀ	Baba Banda Singh Bahadur Ji	बाबा बंदा सिंह बहादुर जी	Great Sikh warrior and commander (1670-1716).
BHAI_SUBEG_SINGH	WARRIOR_MARTYR		0		1745	Jambar	Lahore	60	🙏	Bhai_Subeg_Singh		ਭਾਈ ਸੁਬੇਗ ਸਿੰਘ ਜੀ	Bhai Subeg Singh Ji	भाई सुबेग सिंह जी	Sikh martyr broken on the wheel for his faith (1745).
BHAI_SHAHBAAZ_SINGH	WARRIOR_MARTYR		0		1745		Lahore	60	🙏	Bhai_Subeg_Singh		ਭਾਈ ਸ਼ਾਹਬਾਜ਼ ਸਿੰਘ ਜੀ	Bhai Shahbaaz Singh Ji	भाई शाहबाज़ सिंह जी	Young Sikh martyr and son of Bhai Subeg Singh (1745).
BHAI_SANGAT_SINGH	WARRIOR_MARTYR		0		1705		Chamkaur Sahib	60	🙏	Bhai_Sangat_Singh		ਭਾਈ ਸੰਗਤ ਸਿੰਘ ਜੀ	Bhai Sangat Singh Ji	भाई संगत सिंह जी	The martyr who resembled Guru Gobind Singh Ji and stayed in the Chamkaur Haveli.
BHAGAT_KABIR	BHAGAT		0	1398	1518	Kashi		70		Bhagat_Kabir	bhagats/bhagat_kabir_v2.webp	ਭਗਤ ਕਬੀਰ ਜੀ	Bhagat Kabir Ji	भगत कबीर जी	Revolutionary saint and poet whose hymns are extensively featured in the Sri Guru Granth Sahib.
BHAGAT_NAMDEV	BHAGAT		0	1270	1350	Narsee-Bamani	Ghuman	70		Bhagat_Namdev	bhagats/bhagat_namdev_v2.webp	ਭਗਤ ਨਾਮਦੇਵ ਜੀ	Bhagat Namdev Ji	भगत नामदेव जी	Celebrated saint from Maharashtra whose hymns are enshrined in the Sri Guru Granth Sahib.
BHAGAT_RAVIDAS	BHAGAT		0	1377	1520	Kashi		70		Bhagat_Ravidas	bhagats/bhagat_ravidas_v2.webp	ਭਗਤ ਰਵਿਦਾਸ ਜੀ	Bhagat Ravidas Ji	भगत रविदास जी	Revolutionary saint and social reformer who advocated for dignity and equality.
BHAGAT_FARID	BHAGAT		0	1173	1266	Kothewal		70		Sheikh_Farid	bhagats/bhagat_farid_v2.webp	ਬਾਬਾ ਫਰੀਦ ਜੀ	Bhagat Farid Ji	बाबा फरीद जी	12th-century Sufi saint whose hymns are in Guru Granth Sahib.
BHAGAT_RAMANAND	BHAGAT		0					70		Bhagat_Ramanand		ਭਗਤ ਰਾਮਾਨੰਦ ਜੀ	Bhagat Ramanand Ji	भगत रामानंद जी	Pioneer of the Bhakti movement who advocated for devotion regardless of caste.
BHAGAT_JAIDEV	BHAGAT		0					70		Bhagat_Jaidev		ਭਗਤ ਜੈਦੇਵ ਜੀ	Bhagat Jaidev Ji	भगत जयदेव जी	Renowned poet from Bengal, author of Gita Govinda.
BHAGAT_TRILOCHAN	BHAGAT		0					70		Bhagat_Trilochan		ਭਗਤ ਤ੍ਰਿਲੋਚਨ ਜੀ	Bhagat Trilochan Ji	भगत त्रिलोचन जी	Saint from Maharashtra who emphasized internal purity.
BHAGAT_DHANNA	BHAGAT		0					70		Bhagat_Dhanna		ਭਗਤ ਧੰਨਾ ਜੀ	Bhagat Dhanna Ji	भगत धन्ना जी	Farmer-saint from Rajasthan who realized God through pure faith.
BHAGAT_SAIN	BHAGAT		0					70		Bhagat_Sain		ਭਗਤ ਸੈਣ ਜੀ	Bhagat Sain Ji	भगत सैण जी	Devoted saint who represented the dignity of honest labor.
BHAGAT_PIPA	BHAGAT		0					70		Bhagat_Pipa		ਭਗਤ ਪੀਪਾ ਜੀ	Bhagat Pipa Ji	भगत पीपा जी	Royal figure who renounced his throne for spiritual devotion.
BHAGAT_BHIKHAN	BHAGAT		0					70		Bhagat_Bhikhan		ਭਗਤ ਭੀਖਨ ਜੀ	Bhagat Bhikhan Ji	भगत भीखन जी	Sufi saint whose hymns reflect on the supreme value of the Divine Name.
BHAGAT_SADHNA	BHAGAT		0					70		Bhagat_Sadhna		ਭਗਤ ਸਾਧਨਾ ਜੀ	Bhagat Sadhna Ji	भगत साधना जी	Devout saint who demonstrated that no profession is a barrier to spiritual realization.
BHAGAT_PARMANAND	BHAGAT		0					70		Bhagat_Parmanand		ਭਗਤ ਪਰਮਾਨੰਦ ਜੀ	Bhagat Parmanand Ji	भगत परमानंद जी	Dedicated devotee whose compositions reflect deep surrender to the Almighty.
BHAGAT_SURDAS	BHAGAT		0					70		Bhagat_Surdas		ਭਗਤ ਸੂਰਦਾਸ ਜੀ	Bhagat Surdas Ji	भगत सूरदास जी	Famous saint and poet immersed in the Divine Name.
BHAGAT_BENI	BHAGAT		0					70		Bhagat_Beni		ਭਗਤ ਬੇਣੀ ਜੀ	Bhagat Beni Ji	भगत बेणी जी	Mystical saint whose deep spiritual insights are preserved in the Sikh scripture.
BHATT_KAL	BHATT		0					60		Bhatt_Kalshar	bhatts/bhatts_collective_v2.webp	ਭੱਟ ਕਲ੍ਹ ਜੀ	Bhatt Kal Ji	भट्ट कल्ह जी	Most prominent among the 11 Bhatts in the Sri Guru Granth Sahib.
BHATT_JALAP	BHATT		0					60		Bhatt_Jalap	bhatts/bhatts_collective_v2.webp	ਭੱਟ ਜਾਲਪ ਜੀ	Bhatt Jalap Ji	भट्ट जालप जी	Bhatt poet who wrote in praise of Guru Amar Das Ji.
BHATT_KIRAT	BHATT		0					60		Bhatt_Kirat	bhatts/bhatts_collective_v2.webp	ਭੱਟ ਕੀਰਤ ਜੀ	Bhatt Kirat Ji	भट्ट कीरत जी	Bhatt poet who composed in praise of Guru Amar Das Ji and Guru Ram Das Ji.
BHATT_BHIKA	BHATT		0					60		Bhatt_Bhika	bhatts/bhatts_collective_v2.webp	ਭੱਟ ਭਿਖਾ ਜੀ	Bhatt Bhika Ji	भट्ट भिखा जी	Bhatt poet who described Guru Amar Das Ji as a true spiritual guide.
BHATT_SALH	BHATT		0					60		Bhatt_Salh	bhatts/bhatts_collective_v2.webp	ਭੱਟ ਸਲ੍ਹ ਜੀ	Bhatt Salh Ji	भट्ट सल्ह जी	Bhatt poet who composed in praise of Guru Amar Das Ji and Guru Ram Das Ji.
BHATT_BHALH	BHATT		0					60		Bhatt_Bhalh	bhatts/bhatts_collective_v2.webp	ਭੱਟ ਭਲ੍ਹ ਜੀ	Bhatt Bhalh Ji	भट्ट भल्ह जी	Bhatt poet who composed Sawaiyas in praise of Guru Amar Das Ji.
BHATT_NALH	BHATT		0					60		Bhatt_Nalh	bhatts/bhatts_collective_v2.webp	ਭੱਟ ਨਲ੍ਹ ਜੀ	Bhatt Nalh Ji	भट्ट नल्ह जी	Significant Bhatt poet known for his devotion to Guru Ram Das Ji.
BHATT_GAYAND	BHATT		0					60		Bhatt_Gayand	bhatts/bhatts_collective_v2.webp	ਭੱਟ ਗਯੰਦ ਜੀ	Bhatt Gayand Ji	भट्ट गयंद जी	Bhatt poet known for the use of the word 'Waheguru' in his hymns.
BHATT_MATHURA	BHATT		0					60		Bhatt_Mathura	bhatts/bhatts_collective_v2.webp	ਭੱਟ ਮਥੁਰਾ ਜੀ	Bhatt Mathura Ji	भट्ट मथुरा जी	Prominent Bhatt poet in the Sikh scripture.
BHATT_BAL	BHATT		0					60		Bhatt_Bal	bhatts/bhatts_collective_v2.webp	ਭੱਟ ਬਲ੍ਹ ਜੀ	Bhatt Bal Ji	भट्ट बल्ह जी	Bhatt poet who composed hymns in praise of Guru Ram Das Ji.
BHATT_HARBANS	BHATT		0					60		Bhatt_Harbans	bhatts/bhatts_collective_v2.webp	ਭੱਟ ਹਰਿਬੰਸ ਜੀ	Bhatt Harbans Ji	भट्ट हरिबंस जी	Bhatt poet who composed Sawaiyas in praise of Guru Arjan Dev Ji.
MATA_KHIVI	HATHI_JAPPI_TAPPI		0	1506	1582	Sanghar	Khadur Sahib	88		Mata_Khivi		ਮਾਤਾ ਖੀਵੀ ਜੀ	Mata Khivi Ji	माता खीवी जी	Consort of Guru Angad Dev Ji, pioneer of Guru Ka Langar, whose selfless seva is specifically praised in Sri Guru Granth Sahib Ji.
MATA_SAHIB_DEVAN	HATHI_JAPPI_TAPPI		0	1681	1747	Rohtas	Anandpur Sahib	88		Mata_Sahib_Kaur		ਮਾਤਾ ਸਾਹਿਬ ਦੇਵਾਂ ਜੀ	Mata Sahib Devan Ji	माता साहिब देवां जी	Spiritual Mother of the Khalsa Panth (Mata Sahib Kaur), who added patashas (sugar crystals) into the Amrit during the first Amrit Sanchar in 1699.
MATA_SUNDARI	HATHI_JAPPI_TAPPI		0	1667	1747	Bajwara	Delhi	85		Mata_Sundari		ਮਾਤਾ ਸੁੰਦਰੀ ਜੀ	Mata Sundari Ji	माता सुंदरी जी	Consort of Guru Gobind Singh Ji who guided the Sikh community from Delhi after 1708 and commissioned Bhai Mani Singh Ji to compile the Guru's works.
BHAI_BALA	HATHI_JAPPI_TAPPI		0	1466	1544	Talwandi	Talwandi	82		Bhai_Bala		ਭਾਈ ਬਾਲਾ ਜੀ	Bhai Bala Ji	भाई बाला जी	Devout early disciple and lifelong companion of Sri Guru Nanak Dev Ji on his historic travels (Udasis).
MAKHAN_SHAH_LUBANA	HATHI_JAPPI_TAPPI		0	1619	1674	Tanda	Baba Bakala	84		Makhan_Shah		ਮੱਖਣ ਸ਼ਾਹ ਲੁਬਾਣਾ	Makhan Shah Lubana	मक्खन शाह लुबाना	Devoted merchant who proclaimed 'Guru Ladho Re' (The Guru is Found!) from the rooftops of Baba Bakala, identifying Guru Tegh Bahadur Ji.
LAKHI_SHAH_VANJARA	HATHI_JAPPI_TAPPI		0	1580	1680	Narela	Delhi	84		Lakhi_Shah_Vanjara		ਲੱਖੀ ਸ਼ਾਹ ਵਣਜਾਰਾ	Lakhi Shah Vanjara	लखी शाह वणजारा	Devout Sikh who heroically retrieved the headless sacred torso of Guru Tegh Bahadur Ji in Delhi and cremated it by burning down his own home (Gurdwara Rakab Ganj Sahib).
BABA_GURBAKSH_SINGH	WARRIOR_MARTYR		0	1688	1764	Leel (Amritsar)	Amritsar	86		Baba_Gurbaksh_Singh		ਬਾਬਾ ਗੁਰਬਖ਼ਸ਼ ਸਿੰਘ ਜੀ	Baba Gurbaksh Singh Ji	बाबा गुरबख्श सिंह जी	Fearless Nihang leader who made the supreme sacrifice defending Sri Harmandir Sahib with 30 brave warriors against Ahmad Shah Durrani's invading army in 1764.
BHAI_SUKHA_SINGH	WARRIOR_MARTYR		0	1707	1752	Mari Kamboki	Amritsar	85		Bhai_Sukha_Singh		ਭਾਈ ਸੁੱਖਾ ਸਿੰਘ ਜੀ	Bhai Sukha Singh Ji	भाई सुक्खा सिंह जी	Daring Sikh warrior who, along with Bhai Mehtab Singh, rode into Amritsar in 1740 disguised as revenue collectors to eliminate Massa Ranghar for desecrating the Golden Temple.
BHAI_MEHTAB_SINGH	WARRIOR_MARTYR		0	1710	1745	Mirankot	Lahore	85		Bhai_Mehtab_Singh		ਭਾਈ ਮਹਿਤਾਬ ਸਿੰਘ ਜੀ	Bhai Mehtab Singh Ji	भाई मेहताब सिंह जी	Valiant warrior of Mirankot who entered Sri Harmandir Sahib to punish Massa Ranghar and was later martyred on the spiked wheel in Lahore in 1745.
BHAI_BOTA_SINGH	WARRIOR_MARTYR		0	1700	1739	Bharana	Sarai Nurdin	84		Bhai_Bota_Singh		ਭਾਈ ਬੋਤਾ ਸਿੰਘ ਜੀ	Bhai Bota Singh Ji	भाई बोता सिंह जी	Brave Sikh who challenged Mughal sovereignty in 1739 by setting up a toll post at Sarai Nurdin, declaring Khalsa sovereignty, and attained martyrdom along with Bhai Garja Singh.
BHAI_GARJA_SINGH	WARRIOR_MARTYR		0	1705	1739	Amritsar	Sarai Nurdin	83		Bhai_Bota_Singh_%26_Bhai_Garja_Singh		ਭਾਈ ਗਰਜਾ ਸਿੰਘ ਜੀ	Bhai Garja Singh Ji	भाई गरजा सिंह जी	Companion of Bhai Bota Singh who fought shoulder to shoulder against a Mughal detachment to demonstrate that the Khalsa was alive and undefeated.
BIBI_SHARAN_KAUR	WARRIOR_MARTYR		0	1680	1704	Raipur	Chamkaur Sahib	84		Bibi_Sharan_Kaur		ਬੀਬੀ ਸ਼ਰਨ ਕੌਰ ਜੀ	Bibi Sharan Kaur Ji	बीबी शरण कौर जी	Courageous Sikh woman who gathered the sacred bodies of the Sahibzadas and martyrs of Chamkaur Sahib under cover of night and performed their funeral rites, attaining martyrdom.
SARDAR_JASSA_SINGH_AHLUWALIA	SIKH_RULER		0	1718	1783	Ahlu	Amritsar & Kapurthala	90		Jassa_Singh_Ahluwalia		ਸੁਲਤਾਨ-ਉਲ-ਕੌਮ ਸਰਦਾਰ ਜੱਸਾ ਸਿੰਘ ਆਹਲੂਵਾਲੀਆ	Sultan-ul-Qaum Jassa Singh Ahluwalia	सुल्तान-उल-कौम जस्सा सिंह आहलूवालिया	Supreme Commander of Dal Khalsa who led Sikhs through the Great Holocaust (Vadda Ghalughara), captured Lahore in 1761, liberated Delhi in 1783, and struck Sikh coins.
SARDAR_JASSA_SINGH_RAMGARHIA	SIKH_RULER		0	1723	1803	Ichogil	Amritsar	88		Jassa_Singh_Ramgarhia		ਸਰਦਾਰ ਜੱਸਾ ਸਿੰਘ ਰਾਮਗੜ੍ਹੀਆ	Sardar Jassa Singh Ramgarhia	सरदार जस्सा सिंह रामगढ़िया	Renowned general, architect, and chief of the Ramgarhia Misl who fortified Ram Rauni and brought back the Mughal coronation slab from Delhi's Red Fort to the Ramgarhia Bunga in Amritsar.
AKALI_PHULA_SINGH	SIKH_RULER		0	1761	1823	Dehlon	Amritsar & Nowshera	89		Akali_Phula_Singh		ਅਕਾਲੀ ਫ਼ੂਲਾ ਸਿੰਘ ਜੀ	Akali Phula Singh Ji	अकाली फूला सिंह जी	Legendary Nihang supremo, fearless Jathedar of Sri Akal Takht Sahib, and commander whose unmatched valor secured pivotal victories for Maharaja Ranjit Singh at Multan, Kashmir, and Nowshera.
SARDAR_HARI_SINGH_NALWA	SIKH_RULER		0	1791	1837	Gujranwala	Peshawar & Jamrud	92		Hari_Singh_Nalwa		ਸਰਦਾਰ ਹਰੀ ਸਿੰਘ ਨਲਵਾ	Sardar Hari Singh Nalwa	सरदार हरी सिंह नलवा	Legendary Commander-in-Chief of the Sikh Khalsa Army who conquered the Khyber Pass, subdued fierce Afghan tribes, built the Jamrud Fort, and stopped invasions from Central Asia.
SARDAR_SHAM_SINGH_ATTARIWALA	SIKH_RULER		0	1790	1846	Attari	Sobraon	87		Sardar_Sham_Singh_Attariwala		ਸਰਦਾਰ ਸ਼ਾਮ ਸਿੰਘ ਅਟਾਰੀਵਾਲਾ	Sardar Sham Singh Attariwala	सरदार शाम सिंह अटारीवाला	Venerable Sikh general who took a sacred vow never to return defeated, leading an epic last charge clad in white robes at the Battle of Sobraon in 1846 during the First Anglo-Sikh War.
MAHARANI_JIND_KAUR	SIKH_RULER		0	1817	1863	Chachar	Lahore	86		Maharani_Jind_Kaur		ਮਹਾਰਾਣੀ ਜਿੰਦ ਕੌਰ	Maharani Jind Kaur	महारानी जिंद कौर	Youngest queen of Maharaja Ranjit Singh and Queen Regent of the Sikh Empire who mounted fierce anti-British resistance, famously described by the British as 'the Messalina of the Punjab'.
JATHEDAR_LACHHMAN_SINGH_DHAROWALI	FREEDOM_FIGHTER		0	1885	1921	Dharowali	Nankana Sahib	88		Saka_Nankana		ਜਥੇਦਾਰ ਲਛਮਣ ਸਿੰਘ ਧਾਰੋਵਾਲੀ	Jathedar Lachhman Singh Dharowali	जत्थेदार लछमण सिंह धारोवाली	Heroic leader of the peaceful jatha during Saka Nankana Sahib in 1921, who was tied to a Jand tree and burnt alive while reciting Japji Sahib to liberate Guru Nanak's birthplace.
BHAI_KARTAR_SINGH_JHABBAR	FREEDOM_FIGHTER		0	1874	1962	Jhabbar	Punjab	85		Kartar_Singh_Jhabbar		ਜਥੇਦਾਰ ਕਰਤਾਰ ਸਿੰਘ ਝੱਬਰ	Jathedar Kartar Singh Jhabbar	जत्थेदार करतार सिंह झब्बर	Daring and resolute leader of the Gurdwara Reform Movement who successfully liberated Sri Panja Sahib, Sri Nankana Sahib, and Sri Tarn Taran Sahib from corrupt mahants.
BHAI_KARAM_SINGH_PANJA_SAHIB	FREEDOM_FIGHTER		0	1885	1922	Kharind	Hasan Abdal (Panja Sahib)	87		Saka_Panja_Sahib		ਭਾਈ ਕਰਮ ਸਿੰਘ (ਸਾਕਾ ਪੰਜਾ ਸਾਹਿਬ)	Bhai Karam Singh Ji (Saka Panja Sahib)	भाई करम सिंह जी (साका पंजा साहिब)	Martyr of Saka Panja Sahib (1922) who, along with Bhai Partap Singh, laid down his life on the railway tracks to halt a speeding train to feed starved Sikh freedom fighters.
BHAI_PARTAP_SINGH_PANJA_SAHIB	FREEDOM_FIGHTER		0	1898	1922	Akali Kalan	Panja Sahib	86		Saka_Panja_Sahib		ਭਾਈ ਪ੍ਰਤਾਪ ਸਿੰਘ (ਸਾਕਾ ਪੰਜਾ ਸਾਹਿਬ)	Bhai Partap Singh Ji (Saka Panja Sahib)	भाई प्रताप सिंह जी (साका पंजा साहिब)	Revered Granthi and freedom hero who sat in deep prayer on the tracks at Panja Sahib railway station in 1922, giving his life to stop the train and serve langar to imprisoned Sikhs.
BABA_GURDIT_SINGH	FREEDOM_FIGHTER		0	1860	1954	Sarhali	Vancouver & Kolkata	86		Gurdit_Singh		ਬਾਬਾ ਗੁਰਦਿੱਤ ਸਿੰਘ (ਕਾਮਾਗਾਟਾਮਾਰੂ)	Baba Gurdit Singh (Komagata Maru)	बाबा गुरदित्त सिंह (कामागाटामारू)	Visionary merchant and patriot who chartered the Japanese ship SS Komagata Maru in 1914 to challenge discriminatory Canadian immigration exclusion laws and fight for Indian independence.
SHAHEED_KARTAR_SINGH_SARABHA	FREEDOM_FIGHTER		0	1896	1915	Sarabha (Ludhiana)	San Francisco & Lahore	92		Kartar_Singh_Sarabha		ਸ਼ਹੀਦ ਕਰਤਾਰ ਸਿੰਘ ਸਰਾਭਾ	Shaheed Kartar Singh Sarabha	शहीद करतार सिंह सराभा	Youthful mastermind of the Ghadar Party revolution who was hanged by the British at just 19 years of age in 1915; the foremost political and spiritual inspiration of Bhagat Singh.
BABA_SOHAN_SINGH_BHAKNA	FREEDOM_FIGHTER		0	1870	1968	Bhakna	Oregon & Lahore	88		Baba_Sohan_Singh_Bhakna		ਬਾਬਾ ਸੋਹਣ ਸਿੰਘ ਭਕਨਾ	Baba Sohan Singh Bhakna	बाबा सोहन सिंह भकना	Founding President of the Ghadar Party in the United States and Canada, who spent over 26 years in British colonial prisons fighting for the liberation of the motherland.
SHAHEED_UDHAM_SINGH	FREEDOM_FIGHTER		0	1899	1940	Sunam	London & Sunam	93		Udham_Singh		ਸ਼ਹੀਦ ਊਧਮ ਸਿੰਘ	Shaheed Udham Singh	शहीद ऊधम सिंह	Fearless patriot who tracked and executed former Lieutenant Governor of Punjab Michael O'Dwyer in London in 1940 to avenge the brutal Jallianwala Bagh massacre of 1919.
SHAHEED_BHAGAT_SINGH	FREEDOM_FIGHTER		0	1907	1931	Banga	Lahore & Delhi	95		Bhagat_Singh		ਸ਼ਹੀਦ ਭਗਤ ਸਿੰਘ	Shaheed Bhagat Singh	शहीद भगत सिंह	National revolutionary icon whose intellectual depth, courage, and martyrdom in Lahore Central Jail in 1931 at age 23 energized India's freedom struggle.
BABA_KHARAK_SINGH	FREEDOM_FIGHTER		0	1867	1963	Sialkot	Amritsar & Delhi	87		Baba_Kharak_Singh		ਬਾਬਾ ਖੜਕ ਸਿੰਘ	Baba Kharak Singh	बाबा खड़क सिंह	'Betaj Badshah' (Uncrowned King) of the Sikhs, first President of the SGPC, and pioneer of the Keys Morcha whose victory was hailed by Mahatma Gandhi as the first decisive battle of Indian freedom won.
MASTER_TARA_SINGH	FREEDOM_FIGHTER		0	1885	1967	Haryal (Rawalpindi)	Amritsar	87		Master_Tara_Singh		ਮਾਸਟਰ ਤਾਰਾ ਸਿੰਘ	Master Tara Singh	मास्टर तारा सिंह	Paramount Sikh political and religious statesman of the 20th century who led the Shiromani Akali Dal, SGPC, and the Punjabi Suba Movement to safeguard Sikh political identity.
SANT_ATTAR_SINGH_MASTUANA	MODERN_SAINT		0	1866	1927	Cheema	Mastuana Sahib	90		Sant_Attar_Singh		ਸੰਤ ਅਤਰ ਸਿੰਘ ਜੀ ਮਸਤੂਆਣਾ	Sant Attar Singh Ji Mastuana	संत अतर सिंह जी मस्तूआणा	Venerated saint, educator, and visionary who revived Sikh education by establishing dozens of schools and colleges, and laid the foundation stone of Banaras Hindu University in 1914.
SANT_TEJA_SINGH	MODERN_SAINT		0	1877	1965	Baluhe	Baru Sahib	88		Sant_Teja_Singh		ਸੰਤ ਤੇਜਾ ਸਿੰਘ ਜੀ (ਹਾਰਵਰਡ)	Sant Teja Singh Ji	संत तेजा सिंह जी	Scholar-saint holding degrees from Harvard University and Cambridge, appointed ambassador of Sikhi abroad by Sant Attar Singh, and founder of The Kalgidhar Trust and Baru Sahib.
BHAI_RANDHIR_SINGH	MODERN_SAINT		0	1878	1961	Narangwal	Ludhiana	89		Bhai_Randhir_Singh		ਭਾਈ ਰਣਧੀਰ ਸਿੰਘ ਜੀ	Bhai Randhir Singh Ji	भाई रणधीर सिंह जी	Spiritual mystic, freedom fighter, and founder of the Akhand Kirtani Jatha who endured 16 years of harsh British imprisonment, inspiring countless with his spiritual memoirs (Jail Chithian).
SANT_JARNAIL_SINGH_BHINDRANWALE	MODERN_SAINT		0	1947	1984	Rode	Mehta Chowk & Amritsar	93		Sant_Jarnail_Singh_Bhindranwale		ਸੰਤ ਜਰਨੈਲ ਸਿੰਘ ਜੀ ਖ਼ਾਲਸਾ ਭਿੰਡਰਾਂਵਾਲੇ	Sant Jarnail Singh Ji Khalsa Bhindranwale	संत जरनैल सिंह जी खालसा भिंडरांवाले	14th Jathedar of Damdami Taksal whose magnetic preaching inspired hundreds of thousands into Amrit Sanchar and who championed the Anandpur Sahib Resolution and Sikh dignity, martyred in 1984.
BHAGAT_PURAN_SINGH	MODERN_SAINT		0	1904	1992	Rajewal	Amritsar	91		Bhagat_Puran_Singh		ਭਗਤ ਪੂਰਨ ਸਿੰਘ ਜੀ	Bhagat Puran Singh Ji	भगत पूरन सिंह जी	Epitome of selfless compassion and founder of All India Pingalwara Society in Amritsar; a pioneer of environmental conservation who devoted his entire life to caring for the disabled and destitute.
SANT_NIDHAN_SINGH	MODERN_SAINT		0	1882	1947	Nadalon	Nanded (Hazur Sahib)	86		Sant_Nidhan_Singh		ਸੰਤ ਬਾਬਾ ਨਿਧਾਨ ਸਿੰਘ ਜੀ	Sant Baba Nidhan Singh Ji	संत बाबा निधान सिंह जी	Devout saint who established Gurdwara Sachkhand Langar Sahib at Takht Sri Hazur Sahib in Nanded, dedicating his life to continuous 24-hour Langar service for all pilgrims.
HAVILDAR_ISHAR_SINGH	SOLDIER		0	1858	1897	Jharum Majra	Saragarhi	92		Battle_of_Saragarhi		ਹਵਾਲਦਾਰ ਈਸ਼ਰ ਸਿੰਘ (ਸਾਰਾਗੜ੍ਹੀ)	Havildar Ishar Singh (Saragarhi)	हवलदार ईशर सिंह (सारागढ़ी)	Heroic commander of 21 brave soldiers of the 36th Sikhs who defended Saragarhi military post against 10,000 Afghan tribesmen on September 12, 1897, fighting to the last breath.
MARSHAL_ARJAN_SINGH	SOLDIER		0	1919	2017	Kohali (Lyallpur)	New Delhi	91		Arjan_Singh		ਮਾਰਸ਼ਲ ਆਫ਼ ਦਾ ਏਅਰ ਫ਼ੋਰਸ ਅਰਜਨ ਸਿੰਘ	Marshal of the IAF Arjan Singh	मार्शल ऑफ द एयर फोर्स अर्जन सिंह	Legendary aviator and the only five-star rank officer in Indian Air Force history, who brilliantly led the IAF through the 1965 Indo-Pak War with fearless leadership and poise.
FLYING_OFFICER_NIRMAL_JIT_SEKHON	SOLDIER		0	1943	1971	Isewal (Ludhiana)	Srinagar Airbase	92		Nirmal_Jit_Singh_Sekhon		ਫ਼ਲਾਇੰਗ ਅਫ਼ਸਰ ਨਿਰਮਲਜੀਤ ਸਿੰਘ ਸੇਖੋਂ	Flying Officer Nirmal Jit Singh Sekhon	फ्लाइंग ऑफिसर निर्मलजीत सिंह सेखों	The only Indian Air Force officer awarded the Param Vir Chakra (India's highest wartime gallantry award), who single-handedly defended Srinagar airfield against 6 PAF Sabre jets in 1971.
SUBEDAR_JOGINDER_SINGH	SOLDIER		0	1921	1962	Mahla Kalan (Moga)	Tongpen La (Arunachal Pradesh)	90		Subedar_Joginder_Singh		ਸੂਬੇਦਾਰ ਜੋਗਿੰਦਰ ਸਿੰਘ	Subedar Joginder Singh	सूबेदार जोगिंदर सिंह	Param Vir Chakra recipient who commanded a platoon of 1 Sikh at Tongpen La near Bum La in the 1962 Sino-Indian War, holding off three consecutive waves of Chinese assaults against impossible odds.
LT_GEN_JAGJIT_SINGH_AURORA	SOLDIER		0	1916	2005	Kala Gujran (Jhelum)	Dhaka & New Delhi	89		Jagjit_Singh_Aurora		ਲੈਫ਼ਟੀਨੈਂਟ ਜਨਰਲ ਜਗਜੀਤ ਸਿੰਘ ਅਰੋੜਾ	Lt. Gen. Jagjit Singh Aurora	लेफ्टिनेंट जनरल जगजीत सिंह अरोड़ा	General Officer Commanding-in-Chief of Eastern Command who planned and led the historic 13-day liberation of Bangladesh in the 1971 war, accepting the surrender of 93,000 Pakistani troops in Dhaka.
MAJOR_GENERAL_SHABEG_SINGH	SOLDIER		0	1925	1984	Khiala	Amritsar	86		General_Shabeg_Singh		ਮੇਜਰ ਜਨਰਲ ਸ਼ਬੇਗ ਸਿੰਘ	Major General Shabeg Singh	मेजर जनरल शबेग सिंह	Master of guerrilla warfare who trained the Mukti Bahini fighters during the 1971 Bangladesh Liberation War and later served as a revered military strategist for the Panth in 1984.
SARDAR_JASWANT_SINGH_KHALRA	RIGHTS_PIONEER		0	1952	1995	Khalra (Amritsar)	Amritsar	92		Jaswant_Singh_Khalra		ਸਰਦਾਰ ਜਸਵੰਤ ਸਿੰਘ ਖਾਲੜਾ	Sardar Jaswant Singh Khalra	सरदार जसवंत सिंह खालड़ा	Fearless human rights defender who uncovered the illegal cremations of over 25,000 disappeared youths in Punjab, speaking to international parliaments and attaining martyrdom for truth in 1995.
DALIP_SINGH_SAUND	RIGHTS_PIONEER		0	1899	1973	Chhajjalwaddi	Westmorland (California)	89		Dalip_Singh_Saund		ਦਲੀਪ ਸਿੰਘ ਸੌਂਧ	Dalip Singh Saund	दलीप सिंह सौंध	Historic trailblazer who became the first Sikh, first Indian American, and first Asian American ever elected to the United States Congress, serving three terms from 1957 to 1963.
UJJAL_DOSANJH	RIGHTS_PIONEER		0	1947		Dosanjh Kalan	Vancouver (Canada)	85		https://www.sikhiwiki.org/index.php?search=Ujjal+Dosanjh		ਉੱਜਲ ਦੁਸਾਂਝ	Ujjal Dosanjh	उज्जल दोसांझ	Pioneering Canadian politician who served as the 33rd Premier of British Columbia (first person of Asian origin to lead a Canadian province) and later as Canada's Federal Minister of Health.
DIDAR_SINGH_BAINS	RIGHTS_PIONEER		0	1938	2022	Nangal Khurd	Yuba City (California)	85		Didar_Singh_Bains		ਦੀਦਾਰ ਸਿੰਘ ਬੈਂਸ	Didar Singh Bains	दीदार सिंह बैंस	The 'Peach King of California', visionary farmer, and philanthropist who became the largest peach grower in the world and supported Sikh cultural and religious institutions across the diaspora.
FAUJA_SINGH	RIGHTS_PIONEER		0	1911		Beas Pind (Jalandhar)	London (UK)	88		Fauja_Singh		ਸਰਦਾਰ ਫ਼ੌਜਾ ਸਿੰਘ	Sardar Fauja Singh	सरदार फौजा सिंह	The 'Turbaned Tornado', centenarian British-Sikh marathon runner who completed full 42 km marathons at age 100+, carrying the Olympic Torch in London 2012 and inspiring millions globally.
DR_NARINDER_SINGH_KAPANY	SCHOLAR_SCIENTIST		0	1926	2020	Moga	California (USA)	93		Dr._Narinder_Singh_Kapany		ਡਾ. ਨਰਿੰਦਰ ਸਿੰਘ ਕਪਾਨੀ	Dr. Narinder Singh Kapany	डॉ. नरिंदर सिंह कपानी	World-renowned physicist celebrated internationally as the 'Father of Fiber Optics', whose groundbreaking discoveries revolutionized high-speed communications, biomedical lasers, and internet technology.
PROF_PIARA_SINGH_GILL	SCHOLAR_SCIENTIST		0	1911	2002	Chela (Hoshiarpur)	Chicago & Chandigarh	89		Piara_Singh_Gill		ਪ੍ਰੋ. ਪਿਆਰਾ ਸਿੰਘ ਗਿੱਲ	Prof. Piara Singh Gill	प्रो. प्यारा सिंह गिल	Pioneering cosmic ray physicist, researcher on the Manhattan Project with Arthur Compton, and fellow of the American Physical Society who advised Pandit Nehru on atomic energy research.
BHAI_KAHN_SINGH_NABHA	SCHOLAR_SCIENTIST		0	1861	1938	Banera Khurd	Nabha	91		Bhai_Kahn_Singh_Nabha		ਭਾਈ ਕਾਨ੍ਹ ਸਿੰਘ ਨਾਭਾ	Bhai Kahn Singh Nabha	भाई कान्ह सिंह नाभा	Monumental Sikh scholar and lexicographer who authored the 4-volume encyclopedia 'Mahan Kosh' (Gur Shabad Ratnakar Mahan Kosh) and the seminal treatise 'Ham Hindu Nahin'.
PROF_SAHIB_SINGH	SCHOLAR_SCIENTIST		0	1892	1977	Phattevali (Sialkot)	Amritsar	92		Prof._Sahib_Singh		ਪ੍ਰੋ. ਸਾਹਿਬ ਸਿੰਘ	Prof. Sahib Singh	प्रो. साहिਬ सिंह	Master grammarian and scholar who decoded Gurbani Viyakaran (Sikh scripture grammar) and authored the monumental 10-volume 'Sri Guru Granth Sahib Darpan', an unparalleled exegesis.
BHAI_VIR_SINGH	SCHOLAR_SCIENTIST		0	1872	1957	Amritsar	Amritsar	91		Bhai_Vir_Singh		ਭਾਈ ਵੀਰ ਸਿੰਘ ਜੀ	Bhai Vir Singh Ji	भाई वीर सिंह जी	Revered as the 'Father of Modern Punjabi Literature', poet, scholar, and theologian honored with the Padma Bhushan and Sahitya Akademi Award, author of Sundari, Bijay Singh, and Rana Surat Singh.
DR_GANDA_SINGH	SCHOLAR_SCIENTIST		0	1900	1987	Hariana (Hoshiarpur)	Patiala	87		Dr._Ganda_Singh		ਡਾ. ਗੰਡਾ ਸਿੰਘ	Dr. Ganda Singh	डॉ. गंडा सिंह	Doyen of Punjab and Sikh historiography, founder of the Punjab History Conference, prolific researcher who authored definitive historical works on Banda Singh Bahadur and Ahmad Shah Durrani.
KHUSHWANT_SINGH	SCHOLAR_SCIENTIST		0	1915	2014	Hadali (Khushab)	New Delhi	88		Khushwant_Singh		ਖ਼ੁਸ਼ਵੰਤ ਸਿੰਘ	Khushwant Singh	खुशवंत सिंह	Celebrated author, historian, and journalist who authored the definitive two-volume scholarly work 'A History of the Sikhs' and iconic historical novels including 'Train to Pakistan'.
MILKHA_SINGH	SCHOLAR_SCIENTIST		0	1929	2021	Govindpura (Muzaffargarh)	Chandigarh	90		Milkha_Singh		ਮਿਲਖਾ ਸਿੰਘ (ਦਾ ਫ਼ਲਾਇੰਗ ਸਿੱਖ)	Milkha Singh (The Flying Sikh)	मिल्खा सिंह (द फ्लाइंग सिख)	'The Flying Sikh', legendary track and field Olympian, four-time Asian Games gold medalist, and Commonwealth Games champion who put Sikh athletics onto the global world stage.